timestamp,latitude,longitude,type,amplitude_ka,height_m,num_sensors
2026-08-31T02:18:00.592675790Z,18.929723,116.195942,Cloud to Cloud,12357,3146,8
2026-08-31T02:18:00.595656160Z,18.930053,116.304717,Cloud to Cloud,10402,7944,8
2026-08-31T02:18:00.585170969Z,18.92199,116.303215,Cloud to Cloud,11490,18190,7
2026-08-31T02:18:00.591278865Z,18.984268,116.32663,Cloud to Cloud,15268,3610,7
2026-08-31T02:18:00.570056755Z,18.901664,116.295869,Cloud to Ground,82474,0,12
2026-08-31T02:18:01.732743910Z,16.088675,129.710378,Cloud to Ground,19168,0,10
2026-08-31T02:18:01.601409833Z,16.210592,129.74648,Cloud to Cloud,-11321,3057,9
2026-08-31T02:18:01.768307514Z,16.237046,129.802149,Cloud to Cloud,-6799,19465,7
2026-08-31T02:18:03.716201795Z,19.338847,119.961736,Cloud to Ground,-46081,0,12
2026-08-31T02:18:07.363851438Z,16.189558,130.087245,Cloud to Cloud,-5238,4142,7
2026-08-31T02:18:07.319750284Z,16.195221,129.958052,Cloud to Cloud,-10368,10663,8
2026-08-31T02:18:07.266672446Z,16.190917,129.958115,Cloud to Cloud,-5454,3031,7
2026-08-31T02:18:08.374763906Z,19.113014,116.5945,Cloud to Ground,14315,0,10
2026-08-31T02:18:09.187150141Z,16.657365,128.527516,Cloud to Cloud,-10169,3008,8
2026-08-31T02:18:10.775349419Z,18.713287,115.439926,Cloud to Cloud,-11855,15559,9
2026-08-31T02:18:10.771049185Z,18.67087,115.45416,Cloud to Cloud,9188,14002,8
2026-08-31T02:18:10.773052671Z,18.665871,115.46457,Cloud to Ground,20548,0,8
2026-08-31T02:18:12.023650955Z,18.95059,116.293827,Cloud to Ground,-13626,0,9
2026-08-31T02:18:12.101639999Z,18.926096,116.323767,Cloud to Cloud,-10078,7082,5
2026-08-31T02:18:13.384944467Z,19.224905,116.885825,Cloud to Ground,-12394,0,7
2026-08-31T02:18:13.083912174Z,19.181081,116.909271,Cloud to Cloud,-10603,3096,8
2026-08-31T02:18:13.074124510Z,19.221216,116.886793,Cloud to Ground,14808,0,10
2026-08-31T02:18:12.877358335Z,19.192233,116.868479,Cloud to Ground,26763,0,8
2026-08-31T02:18:16.365841584Z,16.680788,128.883396,Cloud to Cloud,-10497,6200,8
2026-08-31T02:18:16.315813805Z,16.666061,128.82613,Cloud to Ground,14690,0,7
2026-08-31T02:18:18.762330676Z,15.332756,132.019798,Cloud to Cloud,-7830,3387,9
2026-08-31T02:18:18.115105609Z,15.303505,131.907048,Cloud to Cloud,-34101,11952,14
2026-08-31T02:18:18.141709424Z,15.325433,131.919612,Cloud to Ground,-28972,0,21
2026-08-31T02:18:18.201781286Z,15.324669,131.913014,Cloud to Cloud,-22935,18772,15
2026-08-31T02:18:18.682446047Z,15.352747,131.717682,Cloud to Cloud,-17929,11005,16
2026-08-31T02:18:18.165750024Z,15.332612,131.747075,Cloud to Cloud,-17652,7714,9
2026-08-31T02:18:18.272936526Z,15.308576,131.917054,Cloud to Ground,-15447,0,10
2026-08-31T02:18:18.290618429Z,15.328117,131.91911,Cloud to Cloud,-13620,18483,11
2026-08-31T02:18:18.107244373Z,15.346459,131.908333,Cloud to Ground,-12618,0,11
2026-08-31T02:18:18.542590324Z,15.313768,131.824161,Cloud to Cloud,9742,3785,8
2026-08-31T02:18:18.269553907Z,15.251705,131.73474,Cloud to Cloud,11958,7320,12
2026-08-31T02:18:18.761044472Z,15.363491,131.901215,Cloud to Ground,13200,0,6
2026-08-31T02:18:18.267392740Z,15.304089,131.922087,Cloud to Ground,20208,0,8
2026-08-31T02:18:18.233621986Z,15.300269,131.904174,Cloud to Ground,55311,0,16
2026-08-31T02:18:20.429942094Z,15.846537,130.526406,Cloud to Ground,-12446,0,10
2026-08-31T02:18:20.431586599Z,15.862032,130.653567,Cloud to Ground,-12933,0,9
2026-08-31T02:18:20.149214269Z,15.815971,130.758269,Cloud to Cloud,-12668,3873,12
2026-08-31T02:18:20.531387926Z,15.829245,130.756856,Cloud to Cloud,-12008,7085,11
2026-08-31T02:18:20.553967959Z,15.796156,130.759259,Cloud to Ground,-11048,0,7
2026-08-31T02:18:20.167336625Z,15.826571,130.738565,Cloud to Cloud,-7734,19670,14
2026-08-31T02:18:20.815822281Z,15.882734,130.795857,Cloud to Cloud,9749,18921,9
2026-08-31T02:18:20.153822710Z,15.842596,130.749904,Cloud to Cloud,16335,3005,14
2026-08-31T02:18:20.820906006Z,11.618301,122.111569,Cloud to Cloud,7033,17752,6
2026-08-31T02:18:20.825301311Z,11.584088,122.176921,Cloud to Cloud,12048,3002,7
2026-08-31T02:18:23.239221524Z,19.448535,117.827718,Cloud to Ground,-9706,0,7
2026-08-31T02:18:23.004202728Z,19.335191,117.812111,Cloud to Cloud,12581,17887,8
2026-08-31T02:18:23.159306496Z,19.344306,117.812593,Cloud to Cloud,18350,15332,9
2026-08-31T02:18:23.005015511Z,19.341769,117.819525,Cloud to Ground,22764,0,9
2026-08-31T02:18:23.922493673Z,18.950808,116.450444,Cloud to Cloud,-14445,18259,6
2026-08-31T02:18:23.696477621Z,18.950102,116.437753,Cloud to Cloud,-12116,17043,7
2026-08-31T02:18:24.878772174Z,16.208347,129.804229,Cloud to Ground,20918,0,9
2026-08-31T02:18:24.911229721Z,16.206458,129.963356,Cloud to Ground,12569,0,9
2026-08-31T02:18:25.288330179Z,16.174853,129.959308,Cloud to Cloud,24595,3091,10
2026-08-31T02:18:26.122497454Z,16.642119,129.030293,Cloud to Ground,-24431,0,14
2026-08-31T02:18:26.168868449Z,16.631072,128.996113,Cloud to Cloud,-9127,4111,7
2026-08-31T02:18:26.167616278Z,16.647488,129.038286,Cloud to Cloud,7441,18569,8
2026-08-31T02:18:26.435008794Z,16.661369,129.056457,Cloud to Ground,13537,0,12
2026-08-31T02:18:26.170601824Z,16.657987,128.875891,Cloud to Ground,-17182,0,22
2026-08-31T02:18:26.204322898Z,16.634899,128.886918,Cloud to Ground,-15592,0,25
2026-08-31T02:18:26.627072789Z,18.930502,116.289053,Cloud to Cloud,-9197,3000,7
2026-08-31T02:18:27.128167982Z,18.911496,116.268969,Cloud to Cloud,-8312,6283,6
2026-08-31T02:18:26.884986003Z,18.976749,116.358247,Cloud to Ground,14768,0,9
2026-08-31T02:18:26.624791286Z,18.935832,116.309669,Cloud to Ground,15001,0,9
2026-08-31T02:18:28.737118892Z,14.176124,132.767217,Cloud to Cloud,13491,6550,8
2026-08-31T02:18:28.743952926Z,19.303138,117.150915,Cloud to Cloud,17445,3055,7
2026-08-31T02:18:29.171930005Z,16.56332,128.474447,Cloud to Ground,-13432,0,22
2026-08-31T02:18:29.100242213Z,16.555652,128.619804,Cloud to Ground,-12813,0,12
2026-08-31T02:18:29.296633523Z,16.559015,128.63717,Cloud to Ground,-6133,0,7
2026-08-31T02:18:30.384669612Z,17.951904,112.245417,Cloud to Cloud,15687,12982,9
2026-08-31T02:18:31.371713538Z,18.868106,115.959929,Cloud to Ground,-38729,0,13
2026-08-31T02:18:31.437079006Z,18.842777,115.952005,Cloud to Ground,-22929,0,12
2026-08-31T02:18:31.364978922Z,18.86675,115.955986,Cloud to Ground,19574,0,9
2026-08-31T02:18:32.999151834Z,19.314062,117.664088,Cloud to Cloud,8269,7064,7
2026-08-31T02:18:32.993095064Z,19.31816,117.66693,Cloud to Cloud,17988,3015,7
2026-08-31T02:18:35.731677752Z,16.191359,129.975713,Cloud to Ground,10217,0,9
2026-08-31T02:18:36.154345880Z,16.578354,128.565184,Cloud to Cloud,-22929,9022,11
2026-08-31T02:18:36.212811991Z,16.614033,128.549352,Cloud to Cloud,-8737,5291,8
2026-08-31T02:18:36.215444458Z,16.61222,128.558416,Cloud to Cloud,-7393,10146,8
2026-08-31T02:18:36.411836937Z,16.6137,128.528791,Cloud to Cloud,-7328,4619,6
2026-08-31T02:18:36.198576455Z,16.61087,128.547423,Cloud to Cloud,8879,17893,8
2026-08-31T02:18:36.176221287Z,16.620306,128.551765,Cloud to Cloud,9348,10524,9
2026-08-31T02:18:36.000598284Z,16.9326,112.452849,Cloud to Cloud,6493,19903,9
2026-08-31T02:18:37.394292531Z,15.969653,130.509962,Cloud to Cloud,-14430,18761,18
2026-08-31T02:18:37.088253961Z,15.825886,130.326709,Cloud to Ground,61087,0,15
2026-08-31T02:18:37.423248426Z,15.776499,130.530629,Cloud to Ground,-21990,0,10
2026-08-31T02:18:36.988569250Z,15.827016,130.466172,Cloud to Cloud,-15402,3011,14
2026-08-31T02:18:36.997597176Z,15.856548,130.439598,Cloud to Cloud,-12670,7761,12
2026-08-31T02:18:36.987889310Z,15.807401,130.515044,Cloud to Ground,14968,0,13
2026-08-31T02:18:36.987452710Z,15.815204,130.502112,Cloud to Cloud,18525,11583,12
2026-08-31T02:18:36.989184083Z,15.789237,130.513959,Cloud to Ground,21330,0,8
2026-08-31T02:18:37.574548052Z,15.905795,130.582851,Cloud to Ground,11685,0,9
2026-08-31T02:18:37.339220297Z,15.907599,130.578968,Cloud to Ground,31118,0,10
2026-08-31T02:18:37.935550885Z,15.602237,130.168148,Cloud to Ground,-13761,0,7
2026-08-31T02:18:39.881047597Z,15.802655,130.756351,Cloud to Cloud,11666,15307,14
2026-08-31T02:18:39.818743972Z,15.835285,130.74431,Cloud to Cloud,13582,15504,13
2026-08-31T02:18:39.857131284Z,18.62434,115.118026,Cloud to Cloud,-32332,3079,15
2026-08-31T02:18:39.951886000Z,18.7555,115.025,Cloud to Ground,-9041,0,5
2026-08-31T02:18:40.761133798Z,18.963151,116.530814,Cloud to Cloud,13301,14757,7
2026-08-31T02:18:41.080135802Z,18.945255,116.309045,Cloud to Ground,-34576,0,13
2026-08-31T02:18:40.992529625Z,18.94295,116.310528,Cloud to Ground,-33508,0,12
2026-08-31T02:18:41.185558931Z,18.924312,116.331562,Cloud to Ground,-21547,0,9
2026-08-31T02:18:41.497345969Z,19.407785,120.168658,Cloud to Cloud,6084,16591,7
2026-08-31T02:18:41.639163743Z,19.570343,120.189899,Cloud to Cloud,5413,14798,6
2026-08-31T02:18:41.525433284Z,19.539829,120.189326,Cloud to Cloud,8546,5357,6
2026-08-31T02:18:41.492550830Z,19.555813,120.182724,Cloud to Ground,19224,0,12
2026-08-31T02:18:42.588965283Z,16.193984,129.964898,Cloud to Ground,-17295,0,10
2026-08-31T02:18:42.722071973Z,16.184666,130.027292,Cloud to Ground,-13650,0,12
2026-08-31T02:18:42.721183012Z,16.192763,130.006679,Cloud to Ground,39266,0,9
2026-08-31T02:18:42.423825546Z,16.662841,128.607413,Cloud to Cloud,-13248,7148,7
2026-08-31T02:18:42.326848042Z,16.678075,128.57817,Cloud to Ground,14539,0,13
2026-08-31T02:18:42.792005420Z,19.338871,119.951556,Cloud to Cloud,10124,8934,10
2026-08-31T02:18:42.823534451Z,19.420101,119.975124,Cloud to Cloud,10245,13878,9
2026-08-31T02:18:42.811355884Z,19.331418,119.949361,Cloud to Cloud,14512,10787,8
2026-08-31T02:18:44.531490082Z,19.691342,120.486641,Cloud to Ground,-20133,0,12
2026-08-31T02:18:44.571303352Z,19.689325,120.495725,Cloud to Ground,35904,0,21
2026-08-31T02:18:48.348502953Z,15.897268,130.256959,Cloud to Cloud,-17619,3009,14
2026-08-31T02:18:48.357132654Z,15.881116,130.254896,Cloud to Cloud,-9394,18432,7
2026-08-31T02:18:48.351862860Z,15.931584,130.221768,Cloud to Cloud,-8625,3015,9
2026-08-31T02:18:48.383923911Z,15.924403,130.246393,Cloud to Cloud,-7686,14390,9
2026-08-31T02:18:48.532676000Z,15.9117,130.4621,Cloud to Ground,-3758,0,5
2026-08-31T02:18:48.347957969Z,15.724315,130.313451,Cloud to Cloud,14663,19043,9
2026-08-31T02:18:52.248342834Z,16.653472,112.09952,Cloud to Cloud,-36027,19938,14
2026-08-31T02:18:51.889068495Z,16.636953,112.148644,Cloud to Ground,-32253,0,10
2026-08-31T02:18:51.889521642Z,16.659283,112.140508,Cloud to Ground,-30728,0,10
2026-08-31T02:18:51.903321973Z,16.64729,112.223277,Cloud to Ground,-28357,0,12
2026-08-31T02:18:52.398255466Z,16.639784,112.200759,Cloud to Ground,-8675,0,7
2026-08-31T02:18:52.294542047Z,16.632921,112.210596,Cloud to Ground,10888,0,6
2026-08-31T02:18:51.931792898Z,16.65716,112.224275,Cloud to Cloud,11880,8630,7
2026-08-31T02:18:52.425990431Z,16.693036,112.215344,Cloud to Cloud,14602,7576,8
2026-08-31T02:18:52.656783749Z,16.194821,129.969974,Cloud to Cloud,-8061,9352,7
2026-08-31T02:18:53.356903763Z,17.345093,127.228638,Cloud to Ground,18829,0,13
2026-08-31T02:18:56.166466156Z,16.665298,128.67129,Cloud to Cloud,-56513,3155,18
2026-08-31T02:18:56.251137625Z,16.651151,128.766423,Cloud to Ground,-18244,0,11
2026-08-31T02:18:56.309559905Z,16.694146,128.688201,Cloud to Ground,-17480,0,10
2026-08-31T02:18:56.409238305Z,16.65923,128.633906,Cloud to Ground,-17396,0,20
2026-08-31T02:18:57.002641045Z,16.647908,128.761418,Cloud to Ground,-17277,0,12
2026-08-31T02:18:56.911592632Z,16.705997,128.686804,Cloud to Cloud,-16333,15247,12
2026-08-31T02:18:56.197635092Z,16.643141,128.76841,Cloud to Cloud,7644,3785,11
2026-08-31T02:18:56.237781385Z,16.613023,128.798586,Cloud to Cloud,12094,4798,8
2026-08-31T02:18:56.158487331Z,16.649148,128.782026,Cloud to Ground,17572,0,11
2026-08-31T02:18:56.198096216Z,16.688015,128.791117,Cloud to Ground,19943,0,10
2026-08-31T02:18:57.059042108Z,19.213714,116.861701,Cloud to Cloud,-10280,17594,6
2026-08-31T02:18:56.974664451Z,19.205599,116.894696,Cloud to Cloud,-10116,8180,7
2026-08-31T02:18:56.992469852Z,19.211998,116.871136,Cloud to Cloud,7661,16569,7
2026-08-31T02:18:57.072215103Z,19.225032,116.893382,Cloud to Cloud,11579,13903,6
2026-08-31T02:19:00.246921459Z,16.741659,128.530421,Cloud to Cloud,-6363,3002,14
2026-08-31T02:19:02.369166879Z,8.621922,117.858805,Cloud to Cloud,-10349,18623,8
2026-08-31T02:19:03.710290498Z,18.988859,116.478455,Cloud to Cloud,-9021,12142,8
2026-08-31T02:19:03.756823953Z,18.985786,116.450678,Cloud to Cloud,9329,13913,7
2026-08-31T02:19:04.475904568Z,13.387774,134.498941,Cloud to Ground,76336,0,15
2026-08-31T02:19:06.584411988Z,15.851298,130.677076,Cloud to Ground,-17938,0,12
2026-08-31T02:19:06.582184258Z,15.741349,130.793254,Cloud to Ground,-21164,0,10
2026-08-31T02:19:06.611101643Z,15.775653,130.784471,Cloud to Ground,-15437,0,9
2026-08-31T02:19:06.632560604Z,15.791514,130.775317,Cloud to Cloud,-8181,3039,14
2026-08-31T02:19:07.299512581Z,16.194441,129.975285,Cloud to Ground,-23859,0,8
2026-08-31T02:19:07.341209444Z,16.18021,129.969792,Cloud to Cloud,-10842,16464,7
2026-08-31T02:19:07.605618187Z,16.185451,129.992767,Cloud to Ground,-10836,0,7
2026-08-31T02:19:07.474951088Z,16.198965,129.981864,Cloud to Cloud,9946,3840,8
2026-08-31T02:19:07.562301499Z,16.188243,129.969658,Cloud to Ground,10227,0,8
2026-08-31T02:19:07.619971285Z,16.197638,129.816715,Cloud to Cloud,6560,6623,10
2026-08-31T02:19:08.864314890Z,14.25061,132.326605,Cloud to Ground,13686,0,14
2026-08-31T02:19:08.274166163Z,16.548561,128.651195,Cloud to Ground,-13449,0,7
2026-08-31T02:19:08.270395769Z,16.648503,128.646067,Cloud to Cloud,10467,3029,10
2026-08-31T02:19:08.553308724Z,19.166019,116.762298,Cloud to Ground,10658,0,7
2026-08-31T02:19:08.574032013Z,19.088888,116.549802,Cloud to Ground,21860,0,7
2026-08-31T02:19:09.182967109Z,19.035161,116.557413,Cloud to Ground,30468,0,7
2026-08-31T02:19:10.038752805Z,16.415234,129.413124,Cloud to Ground,32743,0,9
2026-08-31T02:19:10.039459694Z,16.511424,129.335495,Cloud to Cloud,-15336,6042,15
2026-08-31T02:19:10.105538067Z,16.520109,129.388468,Cloud to Cloud,10329,3070,7
2026-08-31T02:19:10.116330247Z,19.613018,120.232074,Cloud to Cloud,3504,17987,6
2026-08-31T02:19:10.113350990Z,19.633677,120.340558,Cloud to Cloud,-12758,9048,7
2026-08-31T02:19:11.826238790Z,13.934553,133.663143,Cloud to Ground,-26281,0,30
2026-08-31T02:19:12.590455683Z,14.030617,133.71227,Cloud to Ground,-15988,0,8
2026-08-31T02:19:12.677007516Z,14.066993,133.772452,Cloud to Ground,-14562,0,10
2026-08-31T02:19:12.569428388Z,13.996363,133.81835,Cloud to Ground,-11226,0,8
2026-08-31T02:19:12.343432793Z,13.96052,133.764364,Cloud to Ground,-10164,0,7
2026-08-31T02:19:12.315573120Z,13.966031,133.654387,Cloud to Ground,-9963,0,10
2026-08-31T02:19:12.302903680Z,13.948577,133.633283,Cloud to Ground,-9891,0,12
2026-08-31T02:19:12.553388352Z,13.862605,133.842882,Cloud to Ground,16542,0,10
2026-08-31T02:19:12.238180056Z,14.239273,132.742859,Cloud to Cloud,-14362,4732,24
2026-08-31T02:19:13.993726118Z,18.944323,116.447435,Cloud to Cloud,-19719,3025,10
2026-08-31T02:19:13.410233207Z,16.668367,128.883703,Cloud to Ground,-14037,0,18
2026-08-31T02:19:13.198989931Z,16.645887,129.048096,Cloud to Ground,-31442,0,14
2026-08-31T02:19:13.205313209Z,16.653201,129.062746,Cloud to Cloud,-17624,3005,8
2026-08-31T02:19:13.339233746Z,16.650243,129.028721,Cloud to Ground,-16202,0,7
2026-08-31T02:19:13.340527894Z,16.637379,129.051912,Cloud to Cloud,-14302,7721,14
2026-08-31T02:19:13.222260118Z,16.633558,129.059016,Cloud to Cloud,-13466,3003,12
2026-08-31T02:19:13.410860235Z,16.650129,129.050473,Cloud to Cloud,-11584,3222,13
2026-08-31T02:19:13.581561104Z,16.667986,129.039236,Cloud to Ground,13715,0,13
2026-08-31T02:19:13.275388000Z,16.6667,129.0043,Cloud to Ground,33031,0,7
2026-08-31T02:19:14.735764432Z,15.20385,131.740188,Cloud to Cloud,-15579,11857,11
2026-08-31T02:19:14.970365999Z,15.396489,131.985058,Cloud to Ground,-28207,0,17
2026-08-31T02:19:14.574464965Z,15.326073,132.050254,Cloud to Ground,-23239,0,14
2026-08-31T02:19:14.967221371Z,15.400283,131.972292,Cloud to Ground,-19036,0,12
2026-08-31T02:19:14.864026315Z,15.33591,131.882802,Cloud to Cloud,-17258,12218,10
2026-08-31T02:19:14.651171393Z,15.35808,131.916058,Cloud to Ground,-13666,0,15
2026-08-31T02:19:14.971719218Z,15.342853,132.007204,Cloud to Ground,-13116,0,13
2026-08-31T02:19:14.999270389Z,15.347155,131.962703,Cloud to Cloud,-9325,6496,8
2026-08-31T02:19:14.598102347Z,15.33354,132.038961,Cloud to Ground,17444,0,14
2026-08-31T02:19:14.041892000Z,18.9682,116.3352,Cloud to Ground,14831,0,5
2026-08-31T02:19:15.193863796Z,19.293816,118.495705,Cloud to Cloud,10207,18949,8
2026-08-31T02:19:15.195065000Z,19.2288,118.4437,Cloud to Ground,22043,0,7
2026-08-31T02:19:15.780242135Z,17.055045,127.894968,Cloud to Cloud,11226,3006,9
2026-08-31T02:19:15.776193214Z,17.077075,127.823471,Cloud to Ground,19380,0,11
2026-08-31T02:19:15.479419378Z,19.164133,116.787553,Cloud to Cloud,13452,15101,6
2026-08-31T02:19:16.866338656Z,16.954439,127.981314,Cloud to Ground,-15971,0,8
2026-08-31T02:19:16.077494769Z,17.232657,112.883314,Cloud to Ground,-78523,0,14
2026-08-31T02:19:16.120344866Z,17.229851,112.883438,Cloud to Ground,-35457,0,16
2026-08-31T02:19:16.122654639Z,17.23867,112.879621,Cloud to Ground,-32742,0,11
2026-08-31T02:19:16.066299247Z,17.201823,112.776437,Cloud to Cloud,-16339,3044,8
2026-08-31T02:19:16.349008964Z,17.312841,112.864574,Cloud to Ground,22145,0,12
2026-08-31T02:19:16.208543472Z,17.234299,112.843643,Cloud to Ground,40480,0,7
2026-08-31T02:19:16.465017208Z,18.938913,116.243574,Cloud to Ground,-52329,0,16
2026-08-31T02:19:17.007934714Z,18.890524,116.271276,Cloud to Ground,-26210,0,8
2026-08-31T02:19:16.315641685Z,18.936858,116.241428,Cloud to Ground,-21193,0,12
2026-08-31T02:19:16.652926291Z,18.942545,116.246392,Cloud to Cloud,-20230,3043,9
2026-08-31T02:19:17.245475601Z,18.915212,116.338886,Cloud to Ground,-18007,0,12
2026-08-31T02:19:17.035036024Z,18.922653,116.26833,Cloud to Ground,16641,0,7
2026-08-31T02:19:17.433951721Z,17.065821,128.062686,Cloud to Cloud,-10755,7813,13
2026-08-31T02:19:23.212943713Z,16.630498,128.602492,Cloud to Cloud,-13248,3006,8
2026-08-31T02:19:23.463544270Z,16.663834,128.563582,Cloud to Cloud,-9542,6096,11
2026-08-31T02:19:23.201771790Z,16.651003,128.577938,Cloud to Cloud,-7557,4580,6
2026-08-31T02:19:23.215430419Z,16.641082,128.557441,Cloud to Cloud,-4406,3871,7
2026-08-31T02:19:23.177034690Z,16.656237,128.583079,Cloud to Cloud,14219,17866,10
2026-08-31T02:19:29.498177508Z,16.395416,128.758774,Cloud to Cloud,15069,4694,15
2026-08-31T02:19:29.497258406Z,16.41897,128.675951,Cloud to Cloud,18614,3002,13
2026-08-31T02:19:29.507293000Z,16.5112,128.5866,Cloud to Ground,-7048,0,6
2026-08-31T02:19:29.842453601Z,16.555976,128.634024,Cloud to Ground,-6226,0,8
2026-08-31T02:19:30.897390301Z,15.865286,130.594109,Cloud to Cloud,10974,6647,14
2026-08-31T02:19:30.896324656Z,15.845892,130.624325,Cloud to Ground,62428,0,16
2026-08-31T02:19:30.969000244Z,15.869525,130.445889,Cloud to Ground,57621,0,15
2026-08-31T02:19:30.350618095Z,13.906269,134.001827,Cloud to Cloud,-22450,15371,10
2026-08-31T02:19:30.348547821Z,13.893669,134.034095,Cloud to Ground,-21564,0,13
2026-08-31T02:19:32.384369893Z,18.673639,115.010498,Cloud to Cloud,-19025,3019,7
2026-08-31T02:19:32.346279871Z,18.571302,115.009861,Cloud to Ground,15124,0,14
2026-08-31T02:19:32.458642000Z,18.5563,114.9459,Cloud to Ground,19310,0,8
2026-08-31T02:19:32.353181000Z,18.573,114.9188,Cloud to Ground,112190,0,5
2026-08-31T02:19:33.436828220Z,16.183833,129.968061,Cloud to Cloud,-10212,3075,12
2026-08-31T02:19:33.195773936Z,16.24699,129.942175,Cloud to Cloud,-5891,4427,7
2026-08-31T02:19:33.246567712Z,16.128899,129.902142,Cloud to Cloud,13941,17400,7
2026-08-31T02:19:33.241476067Z,18.570917,114.964118,Cloud to Cloud,-9528,3035,7
2026-08-31T02:19:35.748436000Z,19.0982,116.7359,Cloud to Ground,-7077,0,12
2026-08-31T02:19:35.604343478Z,19.089514,116.752713,Cloud to Ground,18611,0,10
2026-08-31T02:19:35.792612851Z,19.72094,120.284308,Cloud to Cloud,-6178,6803,7
2026-08-31T02:19:35.819374479Z,19.642151,120.221221,Cloud to Cloud,8066,10939,7
2026-08-31T02:19:35.651883891Z,16.651436,128.659789,Cloud to Cloud,-7510,3006,7
2026-08-31T02:19:36.765412485Z,18.916954,116.325128,Cloud to Cloud,-7994,7475,7
2026-08-31T02:19:36.906376974Z,19.349182,119.975263,Cloud to Ground,-22464,0,14
2026-08-31T02:19:37.058153643Z,19.345177,119.9834,Cloud to Cloud,-6463,18673,6
2026-08-31T02:19:37.069340155Z,19.338377,119.978367,Cloud to Cloud,13762,5752,11
2026-08-31T02:19:37.085342835Z,19.383819,119.934446,Cloud to Ground,45455,0,13
2026-08-31T02:19:38.894136917Z,19.273489,119.604423,Cloud to Ground,-28049,0,13
2026-08-31T02:19:38.537107783Z,19.240107,119.753958,Cloud to Cloud,-13615,15682,7
2026-08-31T02:19:38.549519394Z,19.251822,119.693472,Cloud to Ground,-9584,0,10
2026-08-31T02:19:38.591195502Z,19.245056,119.756615,Cloud to Cloud,-8462,6477,7
2026-08-31T02:19:38.410406518Z,19.228315,119.709734,Cloud to Cloud,6601,17194,8
2026-08-31T02:19:39.562448526Z,19.017305,116.50497,Cloud to Cloud,-13860,3002,6
2026-08-31T02:19:40.949954072Z,19.397597,118.085361,Cloud to Ground,-65310,0,15
2026-08-31T02:19:41.177190012Z,19.446714,118.064906,Cloud to Cloud,-9268,17220,7
2026-08-31T02:19:40.955704252Z,19.397905,118.086774,Cloud to Cloud,3895,3085,7
2026-08-31T02:19:40.957374637Z,19.383756,118.078095,Cloud to Cloud,4255,14072,7
2026-08-31T02:19:41.390417704Z,14.323306,132.98824,Cloud to Ground,-31863,0,19
2026-08-31T02:19:41.392754657Z,14.353588,132.884244,Cloud to Ground,-10991,0,7
2026-08-31T02:19:41.389377693Z,14.384797,132.968164,Cloud to Cloud,-8865,17175,16
2026-08-31T02:19:44.186419092Z,15.486718,132.169541,Cloud to Ground,-20214,0,11
2026-08-31T02:19:45.537053286Z,19.002213,116.445141,Cloud to Cloud,-46613,3007,13
2026-08-31T02:19:45.594470729Z,18.996691,116.432302,Cloud to Ground,-21031,0,12
2026-08-31T02:19:45.672925868Z,19.029156,116.440761,Cloud to Ground,-17885,0,10
2026-08-31T02:19:45.675552718Z,18.951806,116.442699,Cloud to Cloud,-10548,16106,7
2026-08-31T02:19:46.320826115Z,18.682952,115.451927,Cloud to Ground,-28091,0,11
2026-08-31T02:19:46.340534521Z,18.685894,115.453039,Cloud to Ground,-10657,0,8
2026-08-31T02:19:48.369336951Z,16.714211,128.738232,Cloud to Cloud,-9589,8659,7
2026-08-31T02:19:48.373546549Z,16.646401,128.663045,Cloud to Cloud,-9746,3304,7
2026-08-31T02:19:48.948041118Z,16.652297,128.819838,Cloud to Ground,48913,0,9
2026-08-31T02:19:49.562425848Z,15.86273,130.75288,Cloud to Cloud,-13852,3040,13
2026-08-31T02:19:49.561635411Z,15.852958,130.765766,Cloud to Ground,19232,0,14
2026-08-31T02:19:49.532493818Z,11.218904,112.892988,Cloud to Ground,12114,0,8
2026-08-31T02:19:49.877262377Z,19.636305,120.224376,Cloud to Cloud,-6283,11475,6
2026-08-31T02:19:49.534023000Z,11.3239,112.9319,Cloud to Ground,39074,0,6
2026-08-31T02:19:50.943075226Z,16.692306,128.602751,Cloud to Ground,-14654,0,9
2026-08-31T02:19:50.529790129Z,16.681202,128.411279,Cloud to Ground,-44793,0,20
2026-08-31T02:19:50.546632922Z,16.698235,128.407631,Cloud to Ground,-10894,0,10
2026-08-31T02:19:55.433730418Z,16.969612,112.600006,Cloud to Ground,-49167,0,12
2026-08-31T02:19:55.441953996Z,16.934502,112.711911,Cloud to Cloud,-33964,16732,9
2026-08-31T02:19:56.108416279Z,16.953148,112.712391,Cloud to Ground,-19907,0,7
2026-08-31T02:19:55.432671603Z,16.979273,112.605175,Cloud to Cloud,-13242,17272,8
2026-08-31T02:19:55.714721657Z,16.958316,112.711545,Cloud to Cloud,11842,18388,6
2026-08-31T02:19:55.948147807Z,16.954082,112.718833,Cloud to Ground,16450,0,10
2026-08-31T02:19:55.835918000Z,16.9475,112.6393,Cloud to Ground,23774,0,9
2026-08-31T02:19:55.647734494Z,16.954174,112.717316,Cloud to Ground,32995,0,12
2026-08-31T02:19:55.033151000Z,16.65,129.0029,Cloud to Ground,27864,0,5
2026-08-31T02:19:59.813194908Z,16.285223,129.837486,Cloud to Cloud,-20070,3056,24
2026-08-31T02:19:59.207591575Z,16.044652,129.870388,Cloud to Cloud,-15103,7968,13
2026-08-31T02:19:59.206576159Z,16.130454,129.821073,Cloud to Cloud,-10848,9501,9
2026-08-31T02:19:59.208496302Z,16.145694,129.807609,Cloud to Cloud,-10352,3539,8
2026-08-31T02:19:59.193283804Z,16.13562,129.831879,Cloud to Cloud,-10311,17675,10
2026-08-31T02:19:59.403273440Z,16.149486,129.855283,Cloud to Cloud,-7620,4436,9
2026-08-31T02:19:59.205742850Z,16.05742,129.841419,Cloud to Cloud,14380,12796,8
2026-08-31T02:20:01.678270356Z,14.212058,132.350941,Cloud to Cloud,-8312,3087,12
2026-08-31T02:20:02.745641182Z,17.162809,127.471373,Cloud to Cloud,-9977,4383,8
2026-08-31T02:20:02.742033317Z,17.182206,127.44876,Cloud to Cloud,13709,8570,5
2026-08-31T02:20:02.744138931Z,17.149309,127.468527,Cloud to Cloud,18653,18549,9
2026-08-31T02:20:03.198275406Z,16.657855,128.595965,Cloud to Cloud,-16553,11989,9
2026-08-31T02:20:03.208541244Z,16.67173,128.597101,Cloud to Cloud,-14778,3024,9
2026-08-31T02:20:05.702562220Z,19.430828,117.845768,Cloud to Cloud,30914,3459,7
2026-08-31T02:20:07.147988395Z,16.727003,127.921835,Cloud to Ground,29607,0,10
2026-08-31T02:20:07.233430084Z,16.917035,127.903254,Cloud to Cloud,-10084,14138,12
2026-08-31T02:20:07.545399372Z,16.909829,127.731793,Cloud to Cloud,-15903,3005,12
2026-08-31T02:20:08.810399929Z,18.93848,116.466195,Cloud to Cloud,-11437,8972,7
2026-08-31T02:20:08.909478571Z,18.959814,116.450788,Cloud to Cloud,12366,3034,6
2026-08-31T02:20:08.797485430Z,18.960952,116.461696,Cloud to Ground,15696,0,8
2026-08-31T02:20:09.938765895Z,16.692122,128.544364,Cloud to Cloud,13531,16436,12
2026-08-31T02:20:09.029102000Z,18.827,116.4667,Cloud to Ground,22135,0,7
2026-08-31T02:20:10.635264720Z,16.192099,129.948772,Cloud to Ground,-15761,0,15
2026-08-31T02:20:11.065708031Z,16.242792,129.888028,Cloud to Cloud,-14525,6241,13
2026-08-31T02:20:11.132592771Z,16.209587,129.959182,Cloud to Cloud,-12468,6981,7
2026-08-31T02:20:11.066575232Z,16.223888,129.979828,Cloud to Ground,-8915,0,7
2026-08-31T02:20:11.144796583Z,16.187647,129.950458,Cloud to Cloud,6901,3071,7
2026-08-31T02:20:10.779354000Z,18.9386,116.2938,Cloud to Ground,5659,0,7
2026-08-31T02:20:11.609112311Z,15.800971,130.576101,Cloud to Ground,-18921,0,16
2026-08-31T02:20:11.551597458Z,15.825807,130.609138,Cloud to Ground,-10515,0,9
2026-08-31T02:20:12.091323944Z,17.221646,112.903618,Cloud to Ground,-12185,0,9
2026-08-31T02:20:11.903953115Z,17.227983,112.82297,Cloud to Ground,46740,0,13
2026-08-31T02:20:11.625848000Z,14.2028,132.697,Cloud to Ground,15047,0,5
2026-08-31T02:20:12.080707504Z,15.296311,131.930615,Cloud to Ground,-36934,0,16
2026-08-31T02:20:12.070905054Z,15.374095,131.907434,Cloud to Ground,-22712,0,12
2026-08-31T02:20:12.288001431Z,15.308922,131.933789,Cloud to Ground,19809,0,11
2026-08-31T02:20:12.242748062Z,15.311618,131.924252,Cloud to Ground,24362,0,16
2026-08-31T02:20:12.130731755Z,15.305057,131.936267,Cloud to Ground,54840,0,12
2026-08-31T02:20:12.198765726Z,15.340682,131.769754,Cloud to Ground,-18922,0,11
2026-08-31T02:20:13.503445150Z,15.925058,130.2375,Cloud to Cloud,-16578,14551,8
2026-08-31T02:20:15.467671536Z,13.780646,133.570546,Cloud to Ground,13546,0,8
2026-08-31T02:20:16.100231239Z,15.311606,131.616367,Cloud to Ground,-17838,0,32
2026-08-31T02:20:18.246460287Z,16.20848,129.974679,Cloud to Cloud,-15640,3176,8
2026-08-31T02:20:18.169765303Z,16.256399,129.819801,Cloud to Ground,-18679,0,9
2026-08-31T02:20:18.424094000Z,16.227,129.855,Cloud to Ground,-10896,0,5
2026-08-31T02:20:18.191811733Z,19.21588,116.889451,Cloud to Ground,15186,0,7
2026-08-31T02:20:20.043581786Z,14.279898,132.944666,Cloud to Ground,-12264,0,16
2026-08-31T02:20:25.284448264Z,16.656103,128.548265,Cloud to Cloud,-7075,9976,8
2026-08-31T02:20:25.446193602Z,16.660493,128.610112,Cloud to Ground,-6095,0,8
2026-08-31T02:20:25.672098200Z,16.659548,128.623574,Cloud to Cloud,6878,3882,6
2026-08-31T02:20:25.214205000Z,16.6655,128.6096,Cloud to Ground,7155,0,5
2026-08-31T02:20:26.790746074Z,13.903156,134.038942,Cloud to Ground,-15866,0,13
2026-08-31T02:20:27.937245789Z,13.784667,134.101598,Cloud to Ground,-9277,0,8
2026-08-31T02:20:29.257203588Z,16.214685,129.967535,Cloud to Ground,17456,0,9
2026-08-31T02:20:29.051525242Z,18.614477,115.513886,Cloud to Cloud,-11196,6023,7
2026-08-31T02:20:29.939661726Z,19.609213,120.240304,Cloud to Cloud,2760,7847,5
2026-08-31T02:20:29.892881861Z,19.637596,120.218512,Cloud to Cloud,5643,8830,6
2026-08-31T02:20:29.902209966Z,19.629992,120.23024,Cloud to Cloud,5945,17438,6
2026-08-31T02:20:31.306690079Z,18.913437,116.313982,Cloud to Cloud,-9831,5737,7
2026-08-31T02:20:31.087107477Z,18.952553,116.253408,Cloud to Cloud,8867,6603,6
2026-08-31T02:20:31.153552384Z,18.937521,116.225427,Cloud to Cloud,11570,19046,10
2026-08-31T02:20:30.882533317Z,18.912596,116.197102,Cloud to Ground,12780,0,7
2026-08-31T02:20:32.374337948Z,16.188684,129.770462,Cloud to Ground,-37585,0,11
2026-08-31T02:20:32.428008980Z,16.159607,129.787036,Cloud to Ground,-25574,0,15
2026-08-31T02:20:32.389796751Z,16.170541,129.783162,Cloud to Cloud,-10930,3916,6
2026-08-31T02:20:32.449083000Z,16.1948,129.696,Cloud to Ground,3024,0,6
2026-08-31T02:20:32.534668878Z,16.156956,129.783849,Cloud to Ground,14256,0,9
2026-08-31T02:20:32.412549044Z,16.154048,129.799125,Cloud to Ground,31356,0,10
2026-08-31T02:20:33.221864069Z,18.963248,115.956238,Cloud to Cloud,15451,6363,8
2026-08-31T02:20:33.214450835Z,18.85671,115.958375,Cloud to Ground,16039,0,9
2026-08-31T02:20:33.272976466Z,18.82137,115.955706,Cloud to Ground,40798,0,9
2026-08-31T02:20:34.300637865Z,16.602067,128.683107,Cloud to Ground,-20006,0,12
2026-08-31T02:20:34.297523562Z,16.589369,128.692953,Cloud to Ground,-9573,0,7
2026-08-31T02:20:35.791429416Z,14.017433,133.807323,Cloud to Ground,-60195,0,26
2026-08-31T02:20:35.789009124Z,14.014224,133.808583,Cloud to Ground,-20852,0,13
2026-08-31T02:20:35.796246871Z,13.98922,133.808811,Cloud to Ground,-18899,0,9
2026-08-31T02:20:35.795043470Z,14.018805,133.806363,Cloud to Ground,-17729,0,10
2026-08-31T02:20:35.902196797Z,14.002616,133.793392,Cloud to Cloud,-15125,3413,8
2026-08-31T02:20:35.794128468Z,14.014875,133.803995,Cloud to Ground,54438,0,19
2026-08-31T02:20:36.016942270Z,16.620308,128.56864,Cloud to Cloud,9081,14379,7
2026-08-31T02:20:36.002042000Z,16.556,128.572,Cloud to Ground,30938,0,5
2026-08-31T02:20:39.720996125Z,16.550586,129.048409,Cloud to Cloud,-10164,3491,9
2026-08-31T02:20:39.720470089Z,16.544725,129.077192,Cloud to Ground,20129,0,13
2026-08-31T02:20:39.630725824Z,19.420642,120.167413,Cloud to Cloud,-7810,7413,7
2026-08-31T02:20:39.279274973Z,19.449504,120.123799,Cloud to Cloud,16638,3960,18
2026-08-31T02:20:39.902850270Z,19.642859,120.231726,Cloud to Cloud,-8324,10711,8
2026-08-31T02:20:42.523452882Z,15.786748,130.771708,Cloud to Ground,-26339,0,19
2026-08-31T02:20:42.544298120Z,15.789221,130.773248,Cloud to Cloud,-20902,9535,12
2026-08-31T02:20:42.043612843Z,15.811042,130.530562,Cloud to Cloud,-17181,18275,9
2026-08-31T02:20:42.038163000Z,15.8209,130.4821,Cloud to Ground,-15339,0,6
2026-08-31T02:20:42.039103568Z,15.814409,130.411562,Cloud to Cloud,-11184,3537,10
2026-08-31T02:20:42.036206795Z,15.814312,130.501753,Cloud to Cloud,-10326,14345,10
2026-08-31T02:20:42.034818586Z,15.854801,130.489954,Cloud to Cloud,-8831,3426,10
2026-08-31T02:20:42.569203540Z,15.799711,130.625859,Cloud to Cloud,13681,3482,17
2026-08-31T02:20:42.170206579Z,15.826272,130.511099,Cloud to Ground,17882,0,13
2026-08-31T02:20:42.035606075Z,15.807,130.551293,Cloud to Ground,25250,0,13
2026-08-31T02:20:42.181394514Z,19.136885,117.285095,Cloud to Ground,-20846,0,11
2026-08-31T02:20:44.445018399Z,8.710948,117.874491,Cloud to Ground,-21127,0,8
2026-08-31T02:20:45.893726331Z,18.961117,116.333931,Cloud to Ground,-57053,0,14
2026-08-31T02:20:45.623526743Z,18.937381,116.33525,Cloud to Ground,-43929,0,10
2026-08-31T02:20:45.729178740Z,18.956363,116.338301,Cloud to Ground,-33696,0,12
2026-08-31T02:20:45.690132630Z,18.961002,116.329917,Cloud to Ground,-28380,0,10
2026-08-31T02:20:46.079377601Z,18.959044,116.333674,Cloud to Ground,-8245,0,7
2026-08-31T02:20:46.021904000Z,18.9515,116.3,Cloud to Ground,34113,0,7
2026-08-31T02:20:48.356558168Z,15.34671,131.849889,Cloud to Ground,-26800,0,20
2026-08-31T02:20:48.369441451Z,16.508802,129.334564,Cloud to Cloud,-7222,5547,8
2026-08-31T02:20:49.768026541Z,18.886783,116.530186,Cloud to Ground,-42673,0,12
2026-08-31T02:20:49.960145536Z,18.885238,116.529828,Cloud to Ground,-33745,0,14
2026-08-31T02:20:49.871227429Z,18.877442,116.531363,Cloud to Ground,-22141,0,7
2026-08-31T02:20:49.992383233Z,18.88032,116.538944,Cloud to Ground,-14917,0,7
2026-08-31T02:20:51.137201094Z,13.468802,134.403138,Cloud to Cloud,-17959,3995,22
2026-08-31T02:20:51.171062700Z,13.450696,134.43388,Cloud to Ground,-13993,0,15
2026-08-31T02:20:51.139282804Z,13.465667,134.436919,Cloud to Ground,-9889,0,10
2026-08-31T02:20:51.889154918Z,16.192674,129.94234,Cloud to Ground,14904,0,9
2026-08-31T02:20:54.709092249Z,19.094651,116.681506,Cloud to Cloud,8485,15057,7
2026-08-31T02:20:54.698725894Z,19.104854,116.67553,Cloud to Cloud,11036,16539,9
2026-08-31T02:20:55.497057499Z,14.150069,132.819428,Cloud to Cloud,-12205,7837,12
2026-08-31T02:20:55.906501822Z,16.658018,128.599898,Cloud to Cloud,-18787,4798,11
2026-08-31T02:20:55.927547743Z,16.670027,128.610514,Cloud to Cloud,-13944,10757,9
2026-08-31T02:20:55.947491496Z,16.641537,128.595419,Cloud to Cloud,-11618,5977,10
2026-08-31T02:20:55.873002179Z,16.58388,128.629055,Cloud to Cloud,9394,8330,11
2026-08-31T02:20:55.945033167Z,16.674927,128.613038,Cloud to Ground,45663,0,17
2026-08-31T02:20:56.768258162Z,19.357326,119.981214,Cloud to Ground,-36144,0,15
2026-08-31T02:20:56.286659776Z,19.20772,116.87001,Cloud to Cloud,-11120,19687,9
2026-08-31T02:20:57.491810754Z,16.658668,128.786819,Cloud to Ground,-60457,0,15
2026-08-31T02:20:57.508732450Z,16.591862,128.825608,Cloud to Cloud,-15895,4034,10
2026-08-31T02:20:58.058551895Z,16.580421,128.841757,Cloud to Cloud,8634,13871,7
2026-08-31T02:20:57.688606678Z,17.233268,112.878812,Cloud to Ground,-84606,0,12
2026-08-31T02:20:58.070924802Z,17.221845,112.895409,Cloud to Cloud,-71066,7739,16
2026-08-31T02:20:58.101798387Z,17.224767,112.890268,Cloud to Ground,-32294,0,9
2026-08-31T02:20:57.898965601Z,17.237674,112.895319,Cloud to Ground,-21242,0,7
2026-08-31T02:20:57.752419084Z,17.229089,112.787309,Cloud to Cloud,27532,5969,8
2026-08-31T02:20:57.840490302Z,17.24784,112.855996,Cloud to Ground,58486,0,18
2026-08-31T02:20:57.827133016Z,19.438744,118.087536,Cloud to Ground,11808,0,13
2026-08-31T02:20:57.388277752Z,19.520375,118.094336,Cloud to Ground,19072,0,7
2026-08-31T02:20:57.602196046Z,19.460732,118.068195,Cloud to Ground,33068,0,8
2026-08-31T02:20:59.900893549Z,19.331169,117.66327,Cloud to Cloud,-9742,3020,6
2026-08-31T02:20:59.854920814Z,19.23626,117.61952,Cloud to Cloud,8038,3002,7
2026-08-31T02:20:59.850061484Z,19.232892,117.629366,Cloud to Ground,10246,0,8
2026-08-31T02:20:59.844120574Z,19.244378,117.625899,Cloud to Ground,14871,0,13
2026-08-31T02:21:00.014328484Z,19.238597,117.569886,Cloud to Cloud,16587,15995,10
2026-08-31T02:20:59.797845347Z,16.663489,128.55218,Cloud to Cloud,-7455,17971,15
2026-08-31T02:21:00.133399544Z,16.599072,128.676449,Cloud to Cloud,-9753,3012,7
2026-08-31T02:21:01.970262156Z,13.991497,133.647233,Cloud to Ground,-8341,0,7
2026-08-31T02:21:01.972584000Z,13.9414,133.6754,Cloud to Ground,8822,0,6
2026-08-31T02:21:03.146517881Z,18.442156,115.05173,Cloud to Ground,16370,0,13
2026-08-31T02:21:03.145537857Z,18.42306,115.048038,Cloud to Ground,26205,0,12
2026-08-31T02:21:04.279700200Z,16.205368,129.994647,Cloud to Cloud,-8374,3382,15
2026-08-31T02:21:04.328120141Z,16.203212,130.007159,Cloud to Cloud,-6382,6481,8
2026-08-31T02:21:04.208886039Z,16.128354,130.005628,Cloud to Ground,15862,0,10
2026-08-31T02:21:04.287208543Z,16.212159,130.001918,Cloud to Cloud,19616,3247,10
2026-08-31T02:21:07.474406237Z,14.260441,132.359222,Cloud to Ground,-32917,0,13
2026-08-31T02:21:07.511479130Z,14.288971,132.394426,Cloud to Cloud,-11806,6154,10
2026-08-31T02:21:07.607459866Z,14.25827,132.356304,Cloud to Cloud,-11780,19758,25
2026-08-31T02:21:07.534268956Z,14.310165,132.43303,Cloud to Ground,-11510,0,17
2026-08-31T02:21:07.510892642Z,14.256938,132.319862,Cloud to Ground,17396,0,12
2026-08-31T02:21:07.709555170Z,11.632559,122.124252,Cloud to Cloud,-24554,3281,11
2026-08-31T02:21:08.811058109Z,14.249704,132.958136,Cloud to Ground,-13098,0,11
2026-08-31T02:21:08.805761994Z,14.243039,132.965892,Cloud to Ground,17622,0,16
2026-08-31T02:21:08.803526652Z,14.247904,132.961552,Cloud to Ground,43011,0,16
2026-08-31T02:21:08.807807134Z,14.315497,132.864842,Cloud to Ground,-14796,0,26
2026-08-31T02:21:12.085416901Z,19.233529,116.903564,Cloud to Cloud,-9183,3005,7
2026-08-31T02:21:13.608055821Z,16.227289,129.708844,Cloud to Ground,-75622,0,11
2026-08-31T02:21:13.635365839Z,16.166655,129.650535,Cloud to Ground,-23654,0,21
2026-08-31T02:21:13.771000289Z,16.161258,129.801109,Cloud to Ground,-47475,0,23
2026-08-31T02:21:13.687719145Z,16.187096,129.800474,Cloud to Ground,49339,0,10
2026-08-31T02:21:15.297909386Z,16.643422,112.344395,Cloud to Ground,-34056,0,9
2026-08-31T02:21:15.414603230Z,16.674422,112.351628,Cloud to Ground,30955,0,16
2026-08-31T02:21:15.422797338Z,16.573406,112.272448,Cloud to Cloud,16913,3164,7
2026-08-31T02:21:15.379033868Z,16.64708,112.200689,Cloud to Ground,-35156,0,10
2026-08-31T02:21:15.482121000Z,16.724,112.1892,Cloud to Ground,-32694,0,5
2026-08-31T02:21:16.593499039Z,18.469293,113.973244,Cloud to Cloud,-9141,3004,6
2026-08-31T02:21:16.576026923Z,18.458639,113.889224,Cloud to Ground,16306,0,10
2026-08-31T02:21:22.329795636Z,16.736449,128.569577,Cloud to Ground,-19657,0,11
2026-08-31T02:21:22.338006510Z,16.634144,128.578873,Cloud to Ground,-11170,0,8
2026-08-31T02:21:22.014541398Z,16.670938,128.555659,Cloud to Cloud,-7484,17914,12
2026-08-31T02:21:21.938223844Z,16.683142,128.603043,Cloud to Cloud,-5027,7927,9
2026-08-31T02:21:21.912446131Z,16.701597,128.47627,Cloud to Cloud,11917,11743,10
2026-08-31T02:21:21.956394313Z,16.688095,128.609162,Cloud to Cloud,15487,6822,9
2026-08-31T02:21:23.613977733Z,18.851378,115.979319,Cloud to Cloud,-10175,9099,7
2026-08-31T02:21:23.570708912Z,18.8723,115.998714,Cloud to Cloud,11454,3011,7
2026-08-31T02:21:23.573764232Z,18.87841,115.975288,Cloud to Ground,12324,0,5
2026-08-31T02:21:23.565968188Z,18.895667,115.8853,Cloud to Cloud,16336,3002,8
2026-08-31T02:21:23.562473266Z,18.88216,115.993414,Cloud to Ground,24796,0,8
2026-08-31T02:21:23.555246406Z,18.580673,115.018792,Cloud to Ground,-59242,0,13
2026-08-31T02:21:23.545341802Z,18.633061,115.042963,Cloud to Ground,-12577,0,6
2026-08-31T02:21:27.458794438Z,16.600979,128.716976,Cloud to Ground,-11603,0,7
2026-08-31T02:21:27.688803993Z,16.621009,128.648536,Cloud to Ground,-10979,0,8
2026-08-31T02:21:27.684456394Z,16.494782,128.693659,Cloud to Cloud,10143,3612,7
2026-08-31T02:21:27.575854354Z,17.138042,112.770225,Cloud to Ground,-19748,0,11
2026-08-31T02:21:27.556362411Z,17.127613,112.770652,Cloud to Cloud,-16681,16283,9
2026-08-31T02:21:27.851629196Z,17.117158,112.794455,Cloud to Ground,-14823,0,10
2026-08-31T02:21:27.575335545Z,17.132415,112.768585,Cloud to Ground,15864,0,7
2026-08-31T02:21:27.550416476Z,17.105442,112.774509,Cloud to Ground,22778,0,7
2026-08-31T02:21:26.635181099Z,18.947892,116.497546,Cloud to Cloud,-15879,8022,11
2026-08-31T02:21:27.162005117Z,18.870231,116.290589,Cloud to Cloud,-11034,4453,8
2026-08-31T02:21:26.823692724Z,18.934621,116.34039,Cloud to Cloud,-9968,7193,6
2026-08-31T02:21:27.085331538Z,18.916713,116.314021,Cloud to Cloud,-9966,15613,9
2026-08-31T02:21:26.818267597Z,18.932539,116.502776,Cloud to Cloud,-7870,3013,7
2026-08-31T02:21:26.684134000Z,18.9989,116.4195,Cloud to Ground,7858,0,5
2026-08-31T02:21:26.778987019Z,18.926916,116.496097,Cloud to Cloud,8420,3121,6
2026-08-31T02:21:26.668227649Z,18.936954,116.488316,Cloud to Cloud,9197,18136,8
2026-08-31T02:21:27.091006962Z,19.005606,116.329325,Cloud to Ground,24696,0,7
2026-08-31T02:21:29.583965538Z,15.302057,131.571012,Cloud to Cloud,-20038,15560,8
2026-08-31T02:21:29.521338238Z,15.31039,131.635544,Cloud to Ground,-12083,0,9
2026-08-31T02:21:32.719944624Z,16.205969,129.918811,Cloud to Cloud,-15467,3182,9
2026-08-31T02:21:32.634832899Z,16.221628,129.95798,Cloud to Cloud,-8776,7259,7
2026-08-31T02:21:34.899440499Z,16.994192,112.680726,Cloud to Ground,-77845,0,16
2026-08-31T02:21:35.077282846Z,16.970113,112.690016,Cloud to Ground,-30837,0,11
2026-08-31T02:21:34.890421032Z,16.977477,112.688547,Cloud to Cloud,-15756,4044,7
2026-08-31T02:21:34.978554654Z,16.979904,112.695831,Cloud to Ground,19185,0,8
2026-08-31T02:21:34.441199473Z,19.390355,120.069438,Cloud to Ground,-24425,0,19
2026-08-31T02:21:34.480539722Z,19.423463,120.105772,Cloud to Cloud,-10060,15838,6
2026-08-31T02:21:34.726072797Z,19.413998,120.093269,Cloud to Cloud,-8205,3560,11
2026-08-31T02:21:34.436773190Z,19.438906,120.126738,Cloud to Cloud,8573,18938,7
2026-08-31T02:21:36.133689328Z,13.900234,134.05743,Cloud to Ground,-52625,0,18
2026-08-31T02:21:36.132189869Z,13.948532,134.024869,Cloud to Cloud,-25430,15313,19
2026-08-31T02:21:37.307780322Z,19.269023,116.909757,Cloud to Ground,14905,0,10
2026-08-31T02:21:37.958984186Z,19.093818,116.791978,Cloud to Ground,16583,0,11
